,name,estab_year,employees_count,location,designation,hr_name,skills
0,FalconX,Founded in 2018,50 - 200 employees,Bangalore,Finance Associate Controller (Drive),Divya Kasula,"Chartered Accountant,IFRS,Legal Compliance,Statutory Audit,Transfer Pricing,US GAAP"
1,FalconX,Founded in 2018,50 - 200 employees,Bangalore,Finance Associate Reporting (Drive),Divya Kasula,"Chartered Accountant,Financial Reporting,Liquidity Management,SAS Regulatory"
2,goGlocal,Founded in 2021,10 - 50 employees,Mumbai,BDE / BDA - Inside Sales (Drive),Kreesha Shah,"Lead Generation,Sales"
3,IDfy,Founded in 2011,200 - 500 employees,Mumbai,Key Account Manager (Drive),Stuti Srivastava,"Business Development,Key Account Management,Lead Generation,Sales"
4,Indium Software,Founded in 1999,More than 1000 employees,"Bangalore, Hyderabad",Data Analyst / Senior Data Analyst (Drive),Mohamed Aslam,"NumPy,Power BI,Python,R,SQL,Tableau,pandas"
5,Kaleidofin,Founded in 2017,50 - 200 employees,"Bangalore, Chennai",Data Scientist (Drive),Natasha Jethanandani,"Algorithms,Azure Machine Learning,Big Data,Cloud Computing,Credit Management,Hadoop,Hive,Machine Learning,MapReduce,Pig,Python,SQL,Spark"
6,Kaleidofin,Founded in 2017,50 - 200 employees,"Bangalore, Chennai",Product Solution Engineer (Drive),Natasha Jethanandani,"Amazon API Gateway,Azure API Management,C#,C++,JSON,Java,JavaScript,Open XML SDK,PHP,Payment Processing,Product Management,Python,SQL,VB.NET"
7,Kutumb,Founded in 2020,50 - 200 employees,Bangalore,Brand Sales Manager (Drive),Dimpy Mehra,"Corporate Sales,Direct Sales,Sales"
8,Lifesight,Founded in 2017,50 - 200 employees,Bangalore,Inside Sales Manager (Drive),Madhuparna Chakraborty,"International Sales,Lead Generation,Sales"
9,Vymo,Founded in 2013,50 - 200 employees,Bangalore,Customer Success Manager (Drive),Shashank Shrivastava,"Customer Interaction,Customer Relationship,Customer Service,L1 Support,L2 Support,Stakeholder Management"
10,Axis Bank,Founded in 1994,More than 1000 employees,"Bangalore, Mumbai",Relationship Manager (Drive),Riddhi Thakkar,"Corporate Sales,Debt Market,Equity Advisory,Mutual Funds,NISM,Sales"
11,Axis Bank,Founded in 1994,More than 1000 employees,"Amritsar, Chennai, Delhi",Sales Manager - Portfolio (Drive),Barkha Arora,"Business Development,Lead Generation,Sales"
12,Blu Smart,Founded in 2019,10 - 50 employees,Gurgaon,Blu Smart - Business Development Manager $$ SPP,Pinnacle Consultz,"Wealth Management,HNI,Business Development,Finance,Asset Management"
13,Blu Smart,Founded in 2019,10 - 50 employees,Gurgaon,Business Development Manager,Pinnacle Consultz,"Wealth Management,HNI,Asset Management,Business Development,Finance"
14,CRED,Founded in 2018,200 - 500 employees,Bangalore,Solution Engineer,Nabanita Debnath,"Java,Python,SQL,L2 Support"
15,Harman Connected Services,Founded in 2012,50 - 200 employees,Pune,Software Developer,Sharayu Zadkar,"Embedded Systems,Embedded C++"
16,Hy-Vee,Founded in 1930,More than 1000 employees,Bangalore,Principal Software Engineer,Payal Arora,".NET,React.js,Docker,Kubernetes"
17,NxtWave,Founded in 2020,More than 1000 employees,Hyderabad,Head of Sourcing (Drive),Sai Pavani Yayi,"Campus Recruitment,IT Recruitment,Non IT Recruitment,Recruitment"
18,Persistent Systems,Founded in 1990,More than 1000 employees,Indore,Data Analyst,Aakanksha Mishra,"Data Analysis,Healthcare,SQL,Business Intelligence,Power BI"
19,Wishfin,Founded in 2016,200 - 500 employees,Noida,Core PHP Developer,Viswanadh Reddy,"PHP,MySQL,HTML,CSS,jQuery"
20,Blue Yonder,Founded in 1985,More than 1000 employees,Bangalore,Principal Architect,Sahil Dua,"Architecture,Distributed Systems,Java,Python,Scala"
21,FedEx,Founded in 1973,More than 1000 employees,Hyderabad,Full Stack Developer,Payal Arora,"Java,Microservices,AWS,Spring"
22,Flash,Founded in 2022,10 - 50 employees,Bangalore,Data Analyst,Priyanka Poonia,"SQL,Python,Tableau,Data Analysis,Business Intelligence"
23,Harman Connected Services,Founded in 2012,50 - 200 employees,Pune,Test Engineer,Sharayu Zadkar,"HIL Testing,Python"
24,HDFC ERGO,Founded in 2002,More than 1000 employees,Mumbai,Frontend Developer,Rajath Gv,"JavaScript,Next.js,React.js,AWS,CSS"
25,Persistent Systems,Founded in 1990,More than 1000 employees,Noida,Data Analysit,Aakanksha Mishra,"Data Analysis,Healthcare,SQL"
26,Persistent Systems,Founded in 1990,More than 1000 employees,Pune,Data Analyst,Tanvi Kamble,"Data Analysis,Healthcare,SQL,Business Analysis"
27,Persistent Systems,Founded in 1990,More than 1000 employees,Hyderabad,Data Analyst,Aakanksha Mishra,"Data Analysis,Healthcare,SQL,Business Intelligence,Business Analysis"
28,Persistent Systems,Founded in 1990,More than 1000 employees,Noida,Software Engineer,Roshani Totwani,".NET,React.js,ASP.NET,JavaScript,HTML"
29,The Famous,Founded in 2021,0 - 10 employees,Ahmedabad,Business Development Executive,Dhara Raval,"Lead Generation,Business Development,International Sales"
30,Bigyellowfish,Founded in 2018,10 - 50 employees,Bangalore,Backend Developer,Ankita Sharma,C#
31,Bristol Myers Squibb,Founded in 1887,More than 1000 employees,Hyderabad,Software Engineer II - API and AWS Senior Developer,Suvidha Karkal,"Python,AWS,Amazon API Gateway,Amazon DynamoDB,Java"
32,FedEx,Founded in 1973,More than 1000 employees,Hyderabad,Full Stack Developer II,Suvidha Karkal,"Java,Angular,Azure,AWS,Cloud Foundry"
33,Flash,Founded in 2022,10 - 50 employees,Bangalore,Product Manager,Priyanka Poonia,"Product Lifecycle Management,Figma,Product Marketing,Data Analysis,Google Analytics"
34,LTIMindtree,Founded in 1996,More than 1000 employees,Hyderabad,Snowflake Architect,Bhaskar Anand,"Snowflake,Solution Architecture,SQL,Risk Management,Data Structures"
35,MUFG,Founded in 1900,More than 1000 employees,Bangalore,CISO / IT Risk Manager - AVP,Suvidha Karkal,"Information Security,Risk Management,Data Privacy,CISA,Architecture"
36,Nitara,Founded in 2017,50 - 200 employees,Bangalore,Dot .NET Backend Developer,Yogini Bazaz,".NET,Microservices,JavaScript,Angular"
37,Presto Infosolutions,Founded in 2005,50 - 200 employees,Delhi,Technical Project Manager,Ojaswi Goyal,"ITIL,PMP,Java,.NET,Service Delivery"
38,Stixis Technologies,Founded in 2009,50 - 200 employees,Bangalore,Golang Developer,Monisha M,"Golang,Kafka,Microservices,Kubernetes,CI - CD"
39,Yiron Technologies,Founded in 2015,50 - 200 employees,Chandigarh,Full Stack Developer & Lead - Java,Saba Ansari,"JavaScript,Spring,FrameMaker,HTML,CSS"
40,Amantya Technologies,Founded in 2018,200 - 500 employees,Bangalore,Data Engineer,Manju Kumari,"Azure Data Factory,ETL,PySpark,Data Modelling,Data Warehousing"
41,Amantya Technologies,Founded in 2018,200 - 500 employees,Bangalore,Data Test Engineer,Manju Kumari,Databricks
42,Amantya Technologies,Founded in 2018,200 - 500 employees,Bangalore,Full Stack Developer - .NET,Manju Kumari,"C#,.NET,Azure,Angular,TypeScript"
43,Amantya Technologies,Founded in 2018,200 - 500 employees,Bangalore,Full Stack Developer - .NET,Manju Kumari,"C#,.NET,TypeScript,Azure,Angular"
44,Amantya Technologies,Founded in 2018,200 - 500 employees,Bangalore,Java Developer,Manju Kumari,"Java,Spring Boot,Data Structures"
45,Asentech,Founded in 2007,50 - 200 employees,Pune,Sitecore Developer,Saba Ansari,".NET,Sitecore,ADO.NET,ASP.NET,JavaScript"
46,Cholamandalam MS General Insurance,Founded in 2001,500 - 1000 employees,Chennai,Engineering Lead - Mobile,Ankita Nayak,"Java,React Native,Spring Boot,Android,iOS"
47,Fintellix Solutions,Founded in 2008,200 - 500 employees,Bangalore,QA Engineer,Consult Bae,"Manual Testing,SQL,API Testing,JMeter,Quality Assurance"
48,Genpact,Founded in 1997,More than 1000 employees,Bangalore,IDQ / IPC Developer,Arpita Dey,"IDQ,IPC,Customer Interaction,Informatica PowerCenter,Informatica"
49,Tao Digital Solutions,Founded in 2022,200 - 500 employees,Bangalore,Backend Developer - .NET,Shivkumar Gurram,".NET,AWS,Kafka,Kubernetes,Docker"
50,Amantya Technologies,Founded in 2018,200 - 500 employees,Bangalore,.NET Full Stack,Deepika Kangokar,".NET,Azure,Angular,SQL"
51,AND Academy,Founded in 2021,10 - 50 employees,Delhi,Admission Counsellor,Hiba Firoz,"Sales,Business Development,Direct Sales,Telecalling,Counselling"
52,Avis Budget Group,Founded in 1946,More than 1000 employees,Bangalore,Software Development Engineer,Kalaivani K,"Java,AWS,Kafka,MySQL,Microservices"
53,goGlocal,Founded in 2021,10 - 50 employees,Mumbai,Senior Backend Engineer,Kreesha Shah,"Python,Django"
54,LTIMindtree,Founded in 1996,More than 1000 employees,Hyderabad,C++ Developer,Bhaskar Anand,"C++,AB Testing"
55,MyBillBook (FloBiz),Founded in 2019,200 - 500 employees,Bangalore,Product Designer,Hr,"C++,AB Testing"
56,Pegasystems,Founded in 1983,More than 1000 employees,Hyderabad,Senior Application Architect,Mihir Chaddarwala,"Golang,Java,Python,Spring"
57,Persistent Systems,Founded in 1990,More than 1000 employees,Bangalore,Salesforce Developer - Lead,Tanvi Kamble,"Salesforce,Lightning,Apex"
58,slice,Founded in 2016,More than 1000 employees,Bangalore,Business Analyst (Credit Risk),Neetika Thakur,"Microsoft Excel,Python,R,SQL"
59,TLC Relationship Management,Founded in 2002,500 - 1000 employees,Delhi,Node.js Developer,Arshi Malik,"Node.js,React.js,.NET,Serverless Framework,PHP"
60,Cohesity,Founded in 2013,More than 1000 employees,Bangalore,Senior Engineering Manager,Bidyut Ganguly,"C++,Golang,Java,Scala"
61,Digit Insurance,Founded in 2016,500 - 1000 employees,Bangalore,Senior Software Developer,Gurleen Kaur Sudan,"Java,Data Structures,Spring,Algorithms,Microservices"
62,Inspire Brands,Founded in 2018,More than 1000 employees,Hyderabad,HRIS Analyst,Roopini Raghul,"HRIS,US Payroll,Workday,Compensation Management,Attendance Management"
63,Learning Shala,Founded in 2018,50 - 200 employees,Delhi,HR Recruiter,Ankita Singh,Recruitment
64,Leucine,Founded in 2017,10 - 50 employees,Mumbai,Webflow Designer,Kartik Singh,"Figma,Zeplin,Webflow"
65,PhonePe,Founded in 2015,More than 1000 employees,Navi Mumbai,Site Operations Engineer,Esha Jain,Linux
66,PhysicsWallah,Founded in 2014,More than 1000 employees,Jodhpur,Product Manager,Kajal Sharma,"Product Management,Wireframing,Microsoft Excel,SQL,Agile"
67,SatSure,Founded in 2017,50 - 200 employees,Mumbai,Senior KAM Enterprise Sales - Banking,Rohit Gupta,"Key Account Management,Corporate Sales,Business Development,Loans,Corporate Strategy"
68,Scope Retail Systems,Founded in 2017,0 - 10 employees,Pune,UI Developer,Preksha Trivedi,"JavaScript,CSS,HTML,React.js,Angular"
69,Tesco,Founded in 2004,More than 1000 employees,Bangalore,SDE 2,Soumitra Jena,"Data Analysis,Hadoop,Hive,Pig,SQL,Spark"
70,Fintellix Solutions,Founded in 2008,200 - 500 employees,Bangalore,Frontend Developer,Consult Bae,"React.js,JavaScript,HTML,CSS"
71,Flipkart,Founded in 2007,More than 1000 employees,Bangalore,Principal Software Engineer,Emily Mondal,"Python,Golang"
72,Horizon Broadband,Founded in 2018,10 - 50 employees,Bangalore,iOS Developer,Pradeep Yadav,"Swift,SwiftUI,BIOS,Data Structures,InVision"
73,IndiaMART InterMESH,Founded in 1999,More than 1000 employees,Hyderabad,Regional Manager,Meenakshi Ladha,Sales
74,Inspire Brands,Founded in 2018,More than 1000 employees,Hyderabad,HRIS - Team Lead,Suvidha Karkal,"HRIS,Workday,Workday HCM,Human Capital Management"
75,Persistent Systems,Founded in 1990,More than 1000 employees,Bangalore,Salesforce Developer,Aakanksha Mishra,"Salesforce,Lightning Web Components,Apex"
76,Persistent Systems,Founded in 1990,More than 1000 employees,Hyderabad,Salesforce Developer,Aakanksha Mishra,"Salesforce,Lightning Web Components"
77,Persistent Systems,Founded in 1990,More than 1000 employees,Jaipur,Salesforce Developer,Aakanksha Mishra,"Salesforce,Lightning Web Components"
78,Scaler Academy,Founded in 2019,50 - 200 employees,Bangalore,Assistant Manager - Data Analytics,Aaliya Baxamusa,"Microsoft Excel,Power BI,Python,SQL,Tableau"
79,Turtlemint,Founded in 2015,More than 1000 employees,Mumbai,Data Analyst,Srishti Rai,"SQL,Tableau,Mixpanel,R,Microsoft Excel"
80,Acko,Founded in 2017,500 - 1000 employees,Bangalore,Director - Product Design,Diptiranjan Pradhan,"SQL,Tableau,Mixpanel,R,Microsoft Excel"
81,Acko,Founded in 2017,500 - 1000 employees,Bangalore,Information Security Engineer,Diptiranjan Pradhan,"Application Security,Cloud Security,Information Security,Network Security"
82,Acko,Founded in 2017,500 - 1000 employees,Bangalore,Senior Product Designer,Diptiranjan Pradhan,"Application Security,Cloud Security,Information Security,Network Security"
83,Avis Budget Group,Founded in 1946,More than 1000 employees,Bangalore,Lead Software Development Engineer,Raveendra Banoth,"Java,React.js,AWS,Spring Boot,PostgreSQL"
84,Bizongo,Founded in 2014,200 - 500 employees,Bangalore,Senior Data Scientist,Alisha Mehta,"Computer Vision,Data Mining,Java,Machine Learning,NLP,Python"
85,CASHe,Founded in 2016,200 - 500 employees,Mumbai,Collection Analyst,Aarthi P,"Data Analysis,SQL,Python,Tableau,Credit Risk Management"
86,CASHe,Founded in 2016,200 - 500 employees,Mumbai,Collection Analytics and Strategy,Preksha Trivedi,"Data Analysis,SQL,Python,Tableau"
87,Plivo,Founded in 2011,50 - 200 employees,Bangalore,Software Development Engineer in Test - 1,Monica Murali,"Automation Testing,Manual Testing,Performance Testing,SDET,Cucumber,Java,JavaScript,JMeter,Python,Selenium"
88,Silicon Stack,Founded in 2016,,Pune,Cloud API Developer,Swatee Paithankar,"Azure,.NET,C#,Cloud Computing,Docker"
89,Think360 Studio,Founded in 2010,10 - 50 employees,Chandigarh,IT Business Development Manager,Shivani Thakur,"Business Development,Sales"
90,Archiroots,Founded in 2020,10 - 50 employees,Noida,Customer Service Executive,Zaid Khan,"Customer Service,Customer Relationship,Customer Interaction,Sales,Telecalling"
91,BYJU'S,Founded in 2011,More than 1000 employees,Bangalore,Technical Lead - MS Dynamics,Varshini R,"Microsoft Dynamics,Microsoft Power Apps"
92,EY,Founded in 1989,More than 1000 employees,Bangalore,DATA Modeler,Namrata Dutta,"Data Modelling,Azure Data Lake,Data Warehousing,erwin,Data Structures"
93,EY,Founded in 1989,More than 1000 employees,Bangalore,Release TRAIN Engineer,Namrata Dutta,"Agile,Scrum,Release Management,Risk Management,Stakeholder Management"
94,IBM,Founded in 1911,More than 1000 employees,Bangalore,AWS Architect / Lead Engineer,Nisha M,"AWS,Amazon Redshift,Python,PySpark,SQL"
95,Silicon Stack,Founded in 2016,,Pune,Mobile Application Developer,Swatee Paithankar,"TypeScript,React Native,Android,Objective-C,iOS"
96,UniCourt India,Founded in 2011,50 - 200 employees,Mangalore,Senior Python Developer,Anuroop Kumar,"Python,Django,Flask"
97,Viacom18,Founded in 2007,More than 1000 employees,Bangalore,iOS Developer,Ambe Diwakar,"iOS,IPTV,DRM,Objective-C,ARKit"
98,VMware,Founded in 1998,More than 1000 employees,"Bangalore, Chennai, Pune",Senior and Lead C++ Developer,Amit Kumar,C++
99,Wayfair,Founded in 2002,More than 1000 employees,Bangalore,"Staff Engineer, - Service Mesh",Ashwin Emmanuel,ServiceNow
100,Acko,Founded in 2017,500 - 1000 employees,Bangalore,Director - Product Design,Diptiranjan Pradhan,ServiceNow
101,Acko,Founded in 2017,500 - 1000 employees,Bangalore,Information Security Engineer,Diptiranjan Pradhan,"Application Security,Cloud Security,Information Security,Network Security"
102,Acko,Founded in 2017,500 - 1000 employees,Bangalore,Senior Product Designer,Diptiranjan Pradhan,"Application Security,Cloud Security,Information Security,Network Security"
103,Avis Budget Group,Founded in 1946,More than 1000 employees,Bangalore,Lead Software Development Engineer,Raveendra Banoth,"Java,React.js,AWS,Spring Boot,PostgreSQL"
104,Bizongo,Founded in 2014,200 - 500 employees,Bangalore,Senior Data Scientist,Alisha Mehta,"Computer Vision,Data Mining,Java,Machine Learning,NLP,Python"
105,CASHe,Founded in 2016,200 - 500 employees,Mumbai,Collection Analyst,Aarthi P,"Data Analysis,SQL,Python,Tableau,Credit Risk Management"
106,CASHe,Founded in 2016,200 - 500 employees,Mumbai,Collection Analytics and Strategy,Preksha Trivedi,"Data Analysis,SQL,Python,Tableau"
107,Plivo,Founded in 2011,50 - 200 employees,Bangalore,Software Development Engineer in Test - 1,Monica Murali,"Automation Testing,Manual Testing,Performance Testing,SDET,Cucumber,Java,JavaScript,JMeter,Python,Selenium"
108,Silicon Stack,Founded in 2016,,Pune,Cloud API Developer,Swatee Paithankar,"Azure,.NET,C#,Cloud Computing,Docker"
109,Think360 Studio,Founded in 2010,10 - 50 employees,Chandigarh,IT Business Development Manager,Shivani Thakur,"Business Development,Sales"
110,Allen Career Institute,Founded in 1988,More than 1000 employees,Bangalore,Engineering Manager,Shridevi Gumaste,"Java,Python,Data Structures,Algorithms"
111,Avis Budget Group,Founded in 1946,More than 1000 employees,Bangalore,Software Development Engineer,Hemamalini N,"Java,AWS,Angular,React.js,Kafka"
112,CreditVidya,Founded in 2013,50 - 200 employees,Hyderabad,Senior HR Manager,Swapnil Nautiyal,"Recruitment,Employee Engagement,Performance Management,HR Operations,HR Policies"
113,EY,Founded in 1989,More than 1000 employees,Bangalore,AWS LEAD Engineer,Namrata Dutta,"AWS,Python,AWS Lambda,AWS Glue,Big Data"
114,Nykaa,Founded in 2012,200 - 500 employees,Bangalore,DevOps Engineer,Surbhi Kumari,"DevOps,AWS,Kubernetes"
115,Persistent Systems,Founded in 1990,More than 1000 employees,Pune,.NET Core React Developer,Tanvi Kamble,".NET,React.js"
116,Presto Infosolutions,Founded in 2005,50 - 200 employees,Delhi,.NET - Lead,Ojaswi Goyal,".NET,ASP.NET,C#,WCF,MySQL"
117,Presto Infosolutions,Founded in 2005,50 - 200 employees,Delhi,Java Developer,Muskan Sonkhla,"Java,HTML,Angular,Spring,Hibernate"
118,Trivialworks Solutions,Founded in 2011,50 - 200 employees,Lucknow,Node.js Developer,Somesh Parashar,"Node.js,Express.js"
119,Verbat Technologies,Founded in 1999,10 - 50 employees,Trivandrum,Dotnet Developer,Talent Acquisition Team,"ASP.NET,C#,JavaScript,jQuery"
120,Archiroots,Founded in 2020,10 - 50 employees,Noida,Customer Service Executive,Zaid Khan,"Customer Service,Customer Relationship,Customer Interaction,Sales,Telecalling"
121,BYJU'S,Founded in 2011,More than 1000 employees,Bangalore,Technical Lead - MS Dynamics,Varshini R,"Microsoft Dynamics,Microsoft Power Apps"
122,EY,Founded in 1989,More than 1000 employees,Bangalore,DATA Modeler,Namrata Dutta,"Data Modelling,Azure Data Lake,Data Warehousing,erwin,Data Structures"
123,EY,Founded in 1989,More than 1000 employees,Bangalore,Release TRAIN Engineer,Namrata Dutta,"Agile,Scrum,Release Management,Risk Management,Stakeholder Management"
124,IBM,Founded in 1911,More than 1000 employees,Bangalore,AWS Architect / Lead Engineer,Nisha M,"AWS,Amazon Redshift,Python,PySpark,SQL"
125,Silicon Stack,Founded in 2016,,Pune,Mobile Application Developer,Swatee Paithankar,"TypeScript,React Native,Android,Objective-C,iOS"
126,UniCourt India,Founded in 2011,50 - 200 employees,Mangalore,Senior Python Developer,Anuroop Kumar,"Python,Django,Flask"
127,Viacom18,Founded in 2007,More than 1000 employees,Bangalore,iOS Developer,Ambe Diwakar,"iOS,IPTV,DRM,Objective-C,ARKit"
128,VMware,Founded in 1998,More than 1000 employees,"Bangalore, Chennai, Pune",Senior and Lead C++ Developer,Amit Kumar,C++
129,Wayfair,Founded in 2002,More than 1000 employees,Bangalore,"Staff Engineer, - Service Mesh",Ashwin Emmanuel,ServiceNow
130,Acko,Founded in 2017,500 - 1000 employees,Bangalore,Director - Product Design,Diptiranjan Pradhan,ServiceNow
131,Acko,Founded in 2017,500 - 1000 employees,Bangalore,Information Security Engineer,Diptiranjan Pradhan,"Application Security,Cloud Security,Information Security,Network Security"
132,Acko,Founded in 2017,500 - 1000 employees,Bangalore,Senior Product Designer,Diptiranjan Pradhan,"Application Security,Cloud Security,Information Security,Network Security"
133,Avis Budget Group,Founded in 1946,More than 1000 employees,Bangalore,Lead Software Development Engineer,Raveendra Banoth,"Java,React.js,AWS,Spring Boot,PostgreSQL"
134,Bizongo,Founded in 2014,200 - 500 employees,Bangalore,Senior Data Scientist,Alisha Mehta,"Computer Vision,Data Mining,Java,Machine Learning,NLP,Python"
135,CASHe,Founded in 2016,200 - 500 employees,Mumbai,Collection Analyst,Aarthi P,"Data Analysis,SQL,Python,Tableau,Credit Risk Management"
136,CASHe,Founded in 2016,200 - 500 employees,Mumbai,Collection Analytics and Strategy,Preksha Trivedi,"Data Analysis,SQL,Python,Tableau"
137,Plivo,Founded in 2011,50 - 200 employees,Bangalore,Software Development Engineer in Test - 1,Monica Murali,"Automation Testing,Manual Testing,Performance Testing,SDET,Cucumber,Java,JavaScript,JMeter,Python,Selenium"
138,Silicon Stack,Founded in 2016,,Pune,Cloud API Developer,Swatee Paithankar,"Azure,.NET,C#,Cloud Computing,Docker"
139,Think360 Studio,Founded in 2010,10 - 50 employees,Chandigarh,IT Business Development Manager,Shivani Thakur,"Business Development,Sales"
140,Amantya Technologies,Founded in 2018,200 - 500 employees,Bangalore,Machine Learning Engineer,Manju Kumari,"Python,Machine Learning,Flask,Django"
141,Amantya Technologies,Founded in 2018,200 - 500 employees,Bangalore,Xamarin Developer,Deepika Kangokar,"Xamarin,Android,C#"
142,Corus Infotech,Founded in 2016,10 - 50 employees,Kochi,Network Engineer - L2,Anju Krishna,"CCNA,CCNP,Firewalls,Networking,Routing,Switching,BGP,Cisco Firewalls,Cisco Routers,Cisco Switches,EIGRP,HSRP,Juniper Firewall,Juniper Routers,Juniper Switches,MPLS,OSPF"
143,Digit Insurance,Founded in 2016,500 - 1000 employees,Bangalore,Senior Software Engineer,Vaishali Chauhan,"Java,Spring Boot,Microservices"
144,Gemini,Founded in 2014,500 - 1000 employees,Gurgaon,Manager - DevOps,Sameer Chaudhary,"DevOps,AWS,Azure,Kubernetes"
145,Gemini,Founded in 2014,500 - 1000 employees,Gurgaon,Principal Engineer,Sameer Chaudhary,"AWS,Java,Azure"
146,Joveo,Founded in 2016,50 - 200 employees,"Bangalore, Hyderabad",Data Engineer,Sharon Robinson,"Hive,Python,SQL"
147,Minus Zero,Founded in 2020,10 - 50 employees,Bangalore,VP - Software,Tapish Bhattkoti,"GPU,CUDA,RTO,C++,Middleware"
148,Tork Motors,Founded in 2010,50 - 200 employees,Pune,Backend Developer - Cloud,Priyanka Kumari,"Google Cloud,CI - CD,Network Security,Python,DevOps"
149,WeSquare,Founded in 2014,10 - 50 employees,Hyderabad,Oracle Service Cloud Consultant,Dantuluri Venkata Divya,"Oracle RightNow,Oracle Service Cloud,ServiceNow"
150,Amantya Technologies,Founded in 2018,200 - 500 employees,Bangalore,Data Engineer,Manju Kumari,"Snowflake,AWS,ETL"
151,Blue Yonder,Founded in 1985,More than 1000 employees,Hyderabad,Data Scientist,Pavani Kollli,"Machine Learning,NLP,Python,R,Keras,NLTK,PyTorch,Scikit-learn,spaCy,TensorFlow"
152,NoBroker,Founded in 2014,More than 1000 employees,Bangalore,Product Manager,Hema K,Product Management
153,Presto Apps,Founded in 2014,10 - 50 employees,Delhi,Testing Lead - Java / . .NET,Muskan Sonkhla,"Java,Selenium,API Testing,.NET,JMeter"
154,Technocrats Horizons,Founded in 2010,10 - 50 employees,Ludhiana,Project Manager,Trupti Desai,"Project Management,Vendor Management,Networking,Windows,Product Lifecycle Management"
155,TechSnitch,Founded in 2023,50 - 200 employees,Delhi,ServiceNow Developer,Sagarika Padhi,"ServiceNow,JavaScript,HTML,CSS"
156,TVS Credit Services,Founded in 2009,More than 1000 employees,Chennai,AVP Consultant,Krishanu B,"DevOps,Architecture,Microservices"
157,Viacom18,Founded in 2007,More than 1000 employees,Bangalore,Golang Developer,Shivaputrayya Jiddimani,"Golang,Data Structures,Multithreading,Algorithms"
158,WebileApps,Founded in 2011,10 - 50 employees,Hyderabad,Quality Analyst,Dileep Teja,"Manual Testing,Mobile Apps Testing,Performance Testing"
159,WorkSpan,Founded in 2014,50 - 200 employees,Bangalore,Sr. Devsecops Engineer - Security Specialist,Rajni Thakur,"AWS,Azure,ICH-GCP,SOC,DevOps"
160,Amantya Technologies,Founded in 2018,200 - 500 employees,Bangalore,Databricks Developer,Manju Kumari,"Azure Data Factory,Scala,Azure,Databricks"
161,Amantya Technologies,Founded in 2018,200 - 500 employees,Bangalore,Xamarin Developer (Android Exp),Manju Kumari,"Xamarin,Android,C#,Xamarin.Forms"
162,Annalect,Founded in 2010,More than 1000 employees,Chennai,Manager - Creative Project Management,Shanmuga Priya G,"Project Management,Key Account Management,Graphic Design,Stakeholder Management"
163,Annalect,Founded in 2010,More than 1000 employees,Gurgaon,Specialist - Project Management,Shanmuga Priya G,"Project Management,Graphic Design,Key Account Management,Stakeholder Management"
164,Avataar,Founded in 2014,200 - 500 employees,Bangalore,Fullstack Manager,Sharique Mobin,"Java,JavaScript,Node.js,React.js"
165,Digit Insurance,Founded in 2016,500 - 1000 employees,Bangalore,Java Developer,Arpita Dey,"Java,Spring Boot,REST Assured,Database Development,Microservices"
166,Jodo,Founded in 2020,200 - 500 employees,Bangalore,Engineering Lead - Platform,Johnbabu Koppolu,"Build Tools,CI - CD,Linux,AWS"
167,TA Digital,Founded in 2000,500 - 1000 employees,Hyderabad,Full Stack Developer - Java (Internship),Archana Manne,"Java,Spring Boot,React.js,Docker,Kubernetes"
168,Verizon Communications,Founded in 1983,More than 1000 employees,Chennai,Full Stack Developer - Java,Gopikrishnan Kg,"React.js,Spring Boot,Java,Microservices"
169,WeRize,Founded in 2019,50 - 200 employees,Bangalore,Associate Director Product Management,Suhail,"Product Management,Product Lifecycle Management,Loans"
170,3one4 Capital,Founded in 2015,10 - 50 employees,Bangalore,Graphic Designer,Blessy Fernandes,"Photoshop,Illustrator,InDesign,Typography,Graphic Design"
171,Annalect,Founded in 2010,More than 1000 employees,Bangalore,3 - D Generalist,Ankush Thakur,"Autodesk Maya,3ds Max,Cinema 4D,3D Animation"
172,Annalect,Founded in 2010,More than 1000 employees,Bangalore,Analyst - Project Management,Shanmuga Priya G,"Project Management,Key Account Management,Stakeholder Management,Adobe Creative Cloud,Graphic Design"
173,Annalect,Founded in 2010,More than 1000 employees,Mumbai,Senior - Project Management,Shanmuga Priya G,"Project Management,Key Account Management,Stakeholder Management,Graphic Design"
174,Awign,Founded in 2016,200 - 500 employees,Bangalore,Principal Fullstack Developer - Java,Deepa Rani,"Java,JavaScript,React.js"
175,Capillary Technologies,Founded in 2008,200 - 500 employees,Bangalore,Project Manager,Anita Mariam Jacob,"Agile,PMP,Program Management,Project Management,Scrum,IT Project Management"
176,GoKiwi,Founded in 2022,10 - 50 employees,Bangalore,Product Designer Manager,Gurleen Kaur Sudan,"UX Design,Visual Design,Wireframing,Copy Writing,Usability Testing"
177,Lumen Technologies,Founded in 1968,More than 1000 employees,Mumbai,SAP ABAP Consultant,Krishna Kanabur,"SAP ABAP,Technical Consulting,Functional Consulting,IDOC,OData"
178,myGate,Founded in 2016,500 - 1000 employees,Gurgaon,Brand Manager - Advertisement Space Sales,Priyanka Patra,"Corporate Sales,Display Advertising,Print Advertising,Field Work,Print Media"
179,Noodle.ai,Founded in 2016,200 - 500 employees,Bangalore,Technical Support Engineer,Prutha Yale,"IT Support,Linux,Technical Support,Windows"
180,Algo8 AI,Founded in 2018,50 - 200 employees,Noida,Senior Back - End Developer,Shantanu Mishra,"Node.js,Python,Flask"
181,Arthmate,Founded in 2020,10 - 50 employees,Delhi,Java Developer,Aiysha K,"Java,Finance,Spring Boot"
182,DvSum,Founded in 2014,50 - 200 employees,Bangalore,Data Engineer / Data Consultant,Beatrice Wesley,"SQL,Data Migration,Data Warehousing,Database Development,Azure Data Factory"
183,EY,Founded in 1989,More than 1000 employees,Bangalore,DevOps Engineer,Pooja Sharma,"DevOps,CI - CD,AWS,Deployment,Kubernetes"
184,HCL Technologies,Founded in 1976,More than 1000 employees,Indore,Mern Stack Developer,Arshi Malik,"Node.js,React.js,JavaScript,Jenkins,PHP"
185,L&T Technology Services,Founded in 2009,More than 1000 employees,Pune,Dot .NET Developer - Fullstack,Swathi N,".NET,Angular,Azure,ASP.NET,C#"
186,Lumen Solutions,Founded in 2011,10 - 50 employees,Mumbai,SAP ABAP Consultant,Jeevitha N A,SAP ABAP
187,Lumen Technologies,Founded in 1968,More than 1000 employees,Mumbai,SAP ABAP Consultant,Navya C M,SAP ABAP
188,Notes & Codes,Founded in 2015,0 - 10 employees,Delhi,Social Media Associate,Notes And Codes Office,"Content Marketing,Facebook Marketing,Social Media Marketing"
189,Nykaa,Founded in 2012,200 - 500 employees,Mumbai,Graphic Designer (Senior Executive),Blessy Fernandes,"Graphic Design,Illustration,Adobe After Effects,Figma,Brand Management"
190,Atlys,Founded in 2020,10 - 50 employees,Mumbai,Account Manager - Sales,Blessy Fernandes,"Sales,Business Development,Corporate Sales,Key Account Management"
191,Atlys,Founded in 2020,10 - 50 employees,Mumbai,Sales Specialist,Vandana Hirey,"Sales,Business Development,Direct Sales"
192,Fairmatic,Founded in 2019,50 - 200 employees,Bangalore,DevOps - 3 / Senior DevOps / SRE,Ismail Shaikh,"DevOps,Reliability Engineering,Python,Terraform,Monitoring"
193,Jupiter,Founded in 2019,50 - 200 employees,Bangalore,Security Engineer 1,Shwetank Johri,"Application Security,Information Security"
194,KPIT,Founded in 1990,More than 1000 employees,Bangalore,AUTOSAR Diagnostics Developer (Onboard Diagnostics),Keshini Vc,"Diagnostics,AUTOSAR,UDS,DaVinci Resolve,CAN"
195,Mosaic Wellness,Founded in 2019,10 - 50 employees,Mumbai,Retention Marketing,Blessy Fernandes,"Revenue Management,CRM,Digital Marketing,Retention Management"
196,Outbrain,Founded in 2006,500 - 1000 employees,Gurgaon,NetSuite Consultant - Techno Functional,Rahul Atri,NetSuite
197,Testsigma,Founded in 2017,10 - 50 employees,Bangalore,Visual Designer,Riya Sharma,"Visual Design,Photoshop,Illustrator"
198,Zoomcar,Founded in 2012,200 - 500 employees,Bangalore,Senior Product Manager - Payments,Srushti M P,Product Management
199,ZoomInfo,Founded in 2000,More than 1000 employees,"Bangalore, Chennai",Principal Product Manager,Pranesh P,Product Management
200,Crayon Data,Founded in 2012,50 - 200 employees,Chennai,Senior Software Engineer,Meenakshi Priyadharshini,"Java,Spring"
201,Crayon Data,Founded in 2012,50 - 200 employees,Chennai,Senior Software Engineer,Meenakshi Priyadharshini,"Java,Spring"
202,Cyber Security Co.,Founded in 2018,10 - 50 employees,Mumbai,CCIE Trainer,Ram Khandelwal,"CCIE,CCNA"
203,IBM,Founded in 1911,More than 1000 employees,Bangalore,Test Engineer (Consultant),Nisha M,"Automation Testing,Java,Selenium,Quality Assurance,Performance Testing"
204,Kombai,Founded in 2022,0 - 10 employees,Bangalore,Fullstack Developer,Roselin Beni,"React.js,React Native,Next.js"
205,LTIMindtree,Founded in 1996,More than 1000 employees,Bangalore,Tosca Tester,Hrithik Chaudhary,"Tricentis Tosca,Automation Testing,Quality Assurance,Agile"
206,Ola,Founded in 2011,More than 1000 employees,Bangalore,Director - QA,Soumyashree Sr,"Automation Testing,Selenium,Appium,API Testing,Engineering Management"
207,VerSe Innovation,Founded in 2007,500 - 1000 employees,Bangalore,Senior ML Engineer,Deepthi Rebello,"Machine Learning,Python,PyTorch,TensorFlow"
208,WorkOnGrid,Founded in 2017,10 - 50 employees,Bangalore,DevOps Engineer - Intern (Internship),Athmiya Hm,"CI - CD,Linux,AWS,Azure,Docker,Google Cloud,Kubernetes"
209,Zoplar,Founded in 2022,10 - 50 employees,Allahabad,Medical Device Representative,Kajal Pahuja,"Business Development,Corporate Sales,Direct Sales,Sales"
210,Atlys,Founded in 2020,10 - 50 employees,Mumbai,Account Manager - Sales,Blessy Fernandes,"Sales,Business Development,Corporate Sales,Key Account Management"
211,Atlys,Founded in 2020,10 - 50 employees,Mumbai,Sales Specialist,Vandana Hirey,"Sales,Business Development,Direct Sales"
212,Fairmatic,Founded in 2019,50 - 200 employees,Bangalore,DevOps - 3 / Senior DevOps / SRE,Ismail Shaikh,"DevOps,Reliability Engineering,Python,Terraform,Monitoring"
213,Jupiter,Founded in 2019,50 - 200 employees,Bangalore,Security Engineer 1,Shwetank Johri,"Application Security,Information Security"
214,KPIT,Founded in 1990,More than 1000 employees,Bangalore,AUTOSAR Diagnostics Developer (Onboard Diagnostics),Keshini Vc,"Diagnostics,AUTOSAR,UDS,DaVinci Resolve,CAN"
215,Mosaic Wellness,Founded in 2019,10 - 50 employees,Mumbai,Retention Marketing,Blessy Fernandes,"Revenue Management,CRM,Digital Marketing,Retention Management"
216,Outbrain,Founded in 2006,500 - 1000 employees,Gurgaon,NetSuite Consultant - Techno Functional,Rahul Atri,NetSuite
217,Testsigma,Founded in 2017,10 - 50 employees,Bangalore,Visual Designer,Riya Sharma,"Visual Design,Photoshop,Illustrator"
218,Zoomcar,Founded in 2012,200 - 500 employees,Bangalore,Senior Product Manager - Payments,Srushti M P,Product Management
219,ZoomInfo,Founded in 2000,More than 1000 employees,"Bangalore, Chennai",Principal Product Manager,Pranesh P,Product Management
220,75f.io,Founded in 2012,50 - 200 employees,Bangalore,Software Frontend Developer,Rayal Rajan,"Angular,JavaScript,HTML,CSS"
221,Amantya Technologies,Founded in 2018,200 - 500 employees,Gurgaon,Xamarin Developer (Android),Ardhendu Bikash Acharjee,"C#,Android,Xamarin"
222,Arzoo,Founded in 2006,50 - 200 employees,Bangalore,SDE2,Rajni Thakur,"Java,Node.js,Spring Boot"
223,BT,Founded in 1992,More than 1000 employees,Bangalore,Software Engineering Manager,Arun Sreenivasan,"Java,React.js,JavaScript,Engineering Management"
224,BT,Founded in 1992,More than 1000 employees,Bangalore,Software Engineering Manager - Mobile,Arun Sreenivasan,"iOS,Android,Engineering Management,Flutter"
225,GrayMatter Software Services,Founded in 2006,200 - 500 employees,Bangalore,Software Engineer,Vidya Vm,"Angular,Express.js,Node.js,JavaScript,CSS"
226,IBM,Founded in 1911,More than 1000 employees,Bangalore,Lead Backend Engineer,Nisha M,"Java,Spring,Microservices,Algorithms,MongoDB"
227,Tech Mahindra,Founded in 1986,More than 1000 employees,Hyderabad,Snowflake Developer,Nirosha Yalawar,"Snowflake,SQL,Python"
228,VMware,Founded in 1998,More than 1000 employees,"Bangalore, Chennai, Pune",Android Developer,Srijani Majumdar,Java
229,Wipro,Founded in 1945,More than 1000 employees,Bangalore,AV Engineer,Sarika J,Audio Engineering
230,Chegg,Founded in 2005,500 - 1000 employees,Hyderabad,Inside Sales,Mohammad Adil Ansari,"Business Development,Sales,Direct Sales,Microsoft Office"
231,DevRev,Founded in 2020,10 - 50 employees,Chennai,Accountant,Prashant Gautam,"US GAAP,Accounting,Finance,CPA,CMA"
232,E2open,Founded in 2000,More than 1000 employees,Hyderabad,Tableau Developer,Hireign Innoways,"Business Intelligence,Power BI,Tableau,SQL,Data Visualization"
233,Khoros,Founded in 2001,500 - 1000 employees,Bangalore,Senior Tax Accountant,Meera J,"Accounting,Auditing,Taxation,Income Tax,Sales Tax"
234,MyBillBook (FloBiz),Founded in 2019,200 - 500 employees,Bangalore,Sales Manager - Lending,Sukant Singh,"Business Development,Sales"
235,Noodle.ai,Founded in 2016,200 - 500 employees,Bangalore,Senior Machine Learning Engineer,Ankita Ghosh,"Data Mining,Machine Learning,NLP,Python,Keras,PyTorch,Scikit-learn,TensorFlow"
236,Rent An Attire,Founded in 2015,10 - 50 employees,Pune,Fashion Consultant Intern,Sakshi Pund,"Direct Sales,Sales"
237,Rent An Attire,Founded in 2015,10 - 50 employees,Pune,Social Media Marketing Intern,Sakshi Pund,"Content Marketing,Facebook Marketing,Social Media Marketing"
238,Sequoia Consulting Group,Founded in 2001,200 - 500 employees,Bangalore,Data Visualization - 2,Dilip Kumar,"Power BI,SQL,Tableau"
239,Viacom,Founded in 1971,More than 1000 employees,Bangalore,Security Engineer,Ankush Thakur,"Application Security,Penetration Testing,VAPT,Vulnerability Assessment,Network Security"
240,Bright Money,Founded in 2019,50 - 200 employees,Bangalore,Public Relations (PR) Associate,Vaishnavi A B,"Corporate Communication,Media Relations,Public Relations"
241,Choice,Founded in 2010,500 - 1000 employees,"Indore, Mumbai",Relationship Manager,Himanshu Gunani,"Business Development,Corporate Sales,Direct Sales,Sales"
242,Corus Infotech,Founded in 2016,10 - 50 employees,Kochi,Wordpress Web Developer,Anju Krishna,"Game Development,Android,C#,HTML"
243,Evolving Systems,Founded in 1985,200 - 500 employees,Bangalore,Project Manager,Fredi Leslie,"Project Management,LLD,Power BI,Vendor Management,Scope Management"
244,Finplan Edu,Founded in 2011,50 - 200 employees,Mumbai,Video Editing and Motion Graphics,Parth Naik,"Motion Graphics,Video Editing,Audio Editing,Video Production,Graphic Design"
245,LILA Games,Founded in 2020,0 - 10 employees,Bangalore,Senior Unity Developer,Khushboo Kothari,"Unity,C#"
246,Recrosoft Technologies,Founded in 2012,200 - 500 employees,Noida,Software Engineer,Sharmila M,"Java,Spring,Hibernate"
247,TEK Soft Labs,Founded in 2020,10 - 50 employees,Chennai,React Native Developer,Usha Rani,"React Native,Git,React.js,HTML,JavaScript"
248,Tork Motors,Founded in 2010,50 - 200 employees,Pune,Cloud Backend Developer,Khushboo Kothari,"Google Cloud,Network Security"
249,Walmart Global Tech India,Founded in 1962,More than 1000 employees,Bangalore,Senior Software Engineer - Java,Jafar Shaik Hehim,"Java,Hibernate,J2EE,Spring"
250,7Vachan,Founded in 2012,10 - 50 employees,Gurgaon,Software Engineer,Apurva Nidavani,"Node.js,JavaScript,Java,Python,Data Structures"
251,Avataar,Founded in 2014,200 - 500 employees,Bangalore,Lead SDE & SDE - III (Frontend Development),Jayashree Vasudevan,"JavaScript,React.js"
252,CreditVidya,Founded in 2013,50 - 200 employees,Hyderabad,Senior Test Engineer,Shrishti Singh,"Performance Testing,JMeter,LoadRunner,Gatling"
253,Elevate K-12,Founded in 2015,200 - 500 employees,Gurgaon,Senior Flutter Developer,Ismail Shaikh,"Flutter,iOS,Hybrid Apps,Android"
254,HighLevel,Founded in 2018,500 - 1000 employees,"Bangalore, Chennai, Mumbai",Customer Success Manager,Vamshi Verma,"Customer Interaction,Customer Relationship"
255,Infraspec,Founded in 2021,0 - 10 employees,Bangalore,Software Development Engineer - 1 (Backend),Akasmat Pradhan,"Data Structures,DevOps,Algorithms,Database Development,Network Administration"
256,Paytm,Founded in 2000,More than 1000 employees,Bangalore,SDE 4,Akshatha Hydri,"Java,Data Structures,LLD"
257,Pluckk,Founded in 2017,10 - 50 employees,Mumbai,Ecommerce Marketing Manager,Tasmia Azhar,"Marketing,Google Ads,Display Advertising,Digital Marketing"
258,Tesco,Founded in 2004,More than 1000 employees,Bangalore,Software Development Engineer,Rennel Menezes,"HTML,JavaScript,React.js"
259,Walmart Global Tech India,Founded in 1962,More than 1000 employees,Bangalore,Android Developer,Madhan Kumar R,Android
260,AI Palette,Founded in 2018,0 - 10 employees,Bangalore,Data Engineer,Anurag Mishra,"Data Analysis,Data Warehousing,ETL,NoSQL,Search,Amazon Redshift,BigQuery,Elasticsearch,Snowflake,Solr,Spark"
261,AST SpaceMobile,Founded in 2017,50 - 200 employees,Hyderabad,Flight Software Developer,Mallikarjuna Naga K,"Embedded C,RTOS,MATLAB,Simulink,Python"
262,BankBazaar.com,Founded in 2008,More than 1000 employees,Chennai,Senior Developer,Ilakkiya R,Mainframes
263,D. E. Shaw,Founded in 1988,More than 1000 employees,"Bangalore, Gurgaon, Hyderabad",Senior Tech Associate,Piyush Pandey,"Java,Linux,Python"
264,DevOn,Founded in 2004,500 - 1000 employees,Bangalore,Senior Software Engineer,Subhashish S,".NET,C,JavaScript,ASP.NET,React.js,VB.NET"
265,ENIX Software,Founded in 2013,50 - 200 employees,Navi Mumbai,HR Executive,Enix Software Pvt Ltd,Recruitment
266,Harman Connected Services,Founded in 2012,50 - 200 employees,Bangalore,Infotainment Testing,Mohammed Khan,"Automotive Infotainment,Python,Automation Testing"
267,InMobi,Founded in 2007,More than 1000 employees,Bangalore,Technical Program Manager,Debi Dey,"Agile,PMO,PMP,Program Management,Scrum"
268,KPIT,Founded in 1990,More than 1000 employees,Bangalore,AUTOSAR Diagnostics Developer (Memory Stack),Keshini Vc,"AUTOSAR,Diagnostics,UDS,CAN,Embedded Systems"
269,Peech India,Founded in 2014,10 - 50 employees,Bangalore,Illustrator / Story Plan Artist,Aurelie Gillet,"Graphic Design,Illustrator,Photoshop"
270,Edureka,Founded in 2011,200 - 500 employees,Bangalore,Jr. Data Analyst,Ankita M,"Microsoft Excel,Power BI,Python,SQL,Tableau"
271,Genpact,Founded in 1997,More than 1000 employees,Bangalore,Snowflake Data Engineer,Arpita Dey,"Snowflake,Python,ETL,Data Warehousing"
272,Growfin.ai,Founded in 2020,10 - 50 employees,Bangalore,Account Executive,Narkish M,"Business Development,International Sales,Sales"
273,Inspire Brands,Founded in 2018,More than 1000 employees,Hyderabad,"Engineer, DevOps",Ramya Thota,"Azure,DevOps,Kubernetes,Terraform,Git"
274,Navi Technologies,Founded in 2019,50 - 200 employees,Bangalore,Product Support Engineer - 1,Suhasni Hangloo,"Java,JavaScript,SQL,Technical Support"
275,Ola,Founded in 2011,More than 1000 employees,Bangalore,Application Security,Misha Yadav,"Penetration Testing,VAPT,Vulnerability Assessment,ISO 27001,Application Security"
276,Opsera,Founded in 2020,10 - 50 employees,"Bangalore, Chennai",DevOps Engineer,Kl Narasimhan,"CI - CD,Linux,Windows,Ansible,AWS,Azure,Docker,Google Cloud,Jenkins,Kubernetes"
277,Predera,Founded in 2017,50 - 200 employees,Hyderabad,Big Data Engineer,Sharmila M,"ETL,Data Warehousing,Big Data,Sqoop,Hadoop"
278,Teachmint,Founded in 2020,500 - 1000 employees,Bangalore,Lead Product Designer,Somya Gahoi,"UX Design,Product Lifecycle Management,Product Management"
279,Unacademy,Founded in 2015,More than 1000 employees,Bangalore,Head of Marketing,Vartika Pundir,"ATL,Brand Management,BTL,Digital Marketing,Marketing Communication"
280,CRED,Founded in 2018,200 - 500 employees,Bangalore,Solution Engineer,Rakesh Patil,"Python,SQL,Java"
281,HomeLane,Founded in 2014,More than 1000 employees,Mumbai,Interior Designer,Seema Manglani,"Interior Design,AutoCAD,2D Animation,3D Animation,SketchUp"
282,Kickdrum,Founded in 2012,10 - 50 employees,Bangalore,Engineering Manager,Naveen Kumar,"Engineering Management,AWS,Java"
283,Kickdrum,Founded in 2012,10 - 50 employees,Bangalore,Principal Engineer,Naveen Kumar,"Java,.NET,Python,React.js,Node.js"
284,Kickdrum,Founded in 2012,10 - 50 employees,Bangalore,Software Architect,Naveen Kumar,"Solution Architecture,AWS"
285,Stratogent,Founded in 2008,200 - 500 employees,Bangalore,HR Head,Abhishek Dhuria,"Organization Design,Performance Management,Compensation Management,HR Operations,Learning and Development"
286,Tata Consultancy Services,Founded in 1968,More than 1000 employees,Bangalore,Salesforce Developer,Ramya T S,"Salesforce,Lightning Web Components,Lightning"
287,Tekion,Founded in 2016,More than 1000 employees,Bangalore,Senior Software Engineer - Frontend,Lalitha Dev,"CSS,HTML,JavaScript,React.js,Vue.js"
288,Verizon Communications,Founded in 1983,More than 1000 employees,Chennai,Full Stack,Gopikrishnan Kg,"React.js,Spring Boot,Java,Microservices"
289,Zoomcar,Founded in 2012,200 - 500 employees,Bangalore,Senior Devsecops Engineer,Soundarya Gowda,"CI - CD,Linux,Ansible,AWS,Chef,Docker,Jenkins,Kubernetes,Nagios,Puppet"
290,Bright Money,Founded in 2019,50 - 200 employees,Bangalore,Banking Operation,Pooja V Chalageri,"Finance,Financial Planning"
291,Kutumb,Founded in 2020,50 - 200 employees,Bangalore,Product Manager,Swapnil Nautiyal,"Product Management,Product Lifecycle Management"
292,Marketwick,Founded in 2019,10 - 50 employees,Gurgaon,Salesforce Developer,Satish Agrawal,"Salesforce,Apex"
293,Micro Labs,Founded in 1973,More than 1000 employees,Gurgaon,Executive Assistant,Kamal Deep Sahni,"Executive Assistance,Microsoft Excel,General Management,Operations Management,Microsoft PowerPoint"
294,MUFG,Founded in 1900,More than 1000 employees,Bangalore,IT Project Management Officer (PMO) - AVP,Kalaivani K,"Project Management,PMO,SharePoint"
295,Nexthink,Founded in 2004,500 - 1000 employees,Bangalore,Senior AI Engineer,Shathadruthi Hj,"Computer Vision,Java,Machine Learning,NLP,Python,PyTorch,Scikit-learn,TensorFlow"
296,Open Financial Technologies,Founded in 2017,200 - 500 employees,Bangalore,Reconciliation and Settlements Specialist,Libin O K,Operations Management
297,Sagarsoft,Founded in 1996,200 - 500 employees,"Bangalore, Hyderabad, Work From Home",Azure Cloudops Engineer,Sneha Latha,"Ansible,CI - CD,Chef,CircleCI,Jenkins,Puppet"
298,Sagarsoft,Founded in 1996,200 - 500 employees,"Bangalore, Hyderabad, Work From Home",Java Developer,Sneha Latha,"Hibernate,J2EE,Java,Kafka,Spring,Struts"
299,Sagarsoft,Founded in 1996,200 - 500 employees,"Hyderabad, Work From Home",Java Developer,Vadada Shanmukha Sreenivas,"Java,Kafka,Spring"
300,314e Corporation,Founded in 2004,500 - 1000 employees,Bangalore,Senior UI Designer,Florence Teresa Dcruz,"Java,Kafka,Spring"
301,Allen Career Institute,Founded in 1988,More than 1000 employees,Bangalore,Android Developer (SE / SE2),Dhaarani M,"Android,Kotlin,Java"
302,Avis Budget Group,Founded in 1946,More than 1000 employees,Bangalore,Senior Software Development Engineer,Nikita Jaiswal,"Java,React.js,AWS,DevOps,SQL"
303,Celigo,Founded in 2005,500 - 1000 employees,Hyderabad,Business Intelligence Engineer,Vikram T,"Power BI,SQL,Tableau,Data Warehousing,ETL,Python"
304,Celigo,Founded in 2005,500 - 1000 employees,Hyderabad,Senior Product Manager,Nithin Gaddam,Product Management
305,Emint,Founded in 2022,0 - 10 employees,Bangalore,Software Engineer,Roshan Muniraj,"Flutter,Dart"
306,Frankfinn Aviation Services,Founded in 1993,More than 1000 employees,Gurgaon,Tele Caller Executive,Rahul Tharika,"Telecalling,Business Development,Sales"
307,Predera,Founded in 2017,50 - 200 employees,Hyderabad,Big Data Engineer,Sharmila M,"Databricks,Big Data,ETL"
308,SatSure,Founded in 2017,50 - 200 employees,Bangalore,Senior Machine Learning Researcher,Shivkumar Gurram,"Machine Learning,TensorFlow,Python,Data Mining,PyTorch"
309,WorkOnGrid,Founded in 2017,10 - 50 employees,Bangalore,Backend Developer - SDE1,Athmiya Hm,"PHP,Python,Laravel"
310,Autonomize AI,Founded in 2021,10 - 50 employees,Bangalore,Senior DevOps Engineer,Swati,"Python,MLOps"
311,CreditVidya,Founded in 2013,50 - 200 employees,Hyderabad,Senior Test Engineer,Rovena Dsouza,"Automation Testing,REST Assured,CI - CD,Security Testing,JavaScript"
312,CreditVidya,Founded in 2013,50 - 200 employees,Hyderabad,SSE,Ramya Tanya,"Performance Testing,Automation Testing,JMeter,Java,REST Assured"
313,DevRev,Founded in 2020,10 - 50 employees,Chennai,Content Writer,Prashant Gautam,"Content Writing,SEO,SEMrush,Ahrefs,Content Marketing"
314,DotcomWeavers,Founded in 2007,50 - 200 employees,Hyderabad,Magento Business Analyst,Reecha Mishra,"Magento,Business Analysis"
315,FedEx,Founded in 1973,More than 1000 employees,Hyderabad,Software Engineer II,Kalaivani K,"Ab Initio,SQL"
316,Hopscotch,Founded in 2012,200 - 500 employees,Bangalore,Data Engineer II,Sunitha Nirmal,"ETL,Python,AWS,Data Modelling,Data Warehousing"
317,Maidaan,Founded in 2022,0 - 10 employees,Bangalore,Founding Engineer,Judhajit Bal,"Android,iOS,Java,JavaScript,Node.js,React.js,Spring"
318,TechnoGen,Founded in 2003,200 - 500 employees,Hyderabad,Data Modeler,Naveen Kumar Bade,"Data Modelling,Data Warehousing,Snowflake,erwin"
319,Xindus Trade Networks,Founded in 2022,10 - 50 employees,Gurgaon,Demand Generation Lead,Himanshu G,Marketing
320,Annalect,Founded in 2010,More than 1000 employees,Bangalore,Motion Graphics,Ankush Thakur,"Motion Graphics,Adobe After Effects,Adobe Premiere Pro,Cinema 4D"
321,Aphelia Innovations,Founded in 2018,10 - 50 employees,Faridabad,Sales Manager,Harish Chandra,"Sales,Industrial Consumables,Marketing,Mechanical Engineering,Electrical Engineering"
322,Arthmate,Founded in 2020,10 - 50 employees,Gurgaon,UX Designer,Anjali Nair,"Figma,Adobe XD,Balsamiq,UX Design"
323,Evolving Systems,Founded in 1985,200 - 500 employees,Bangalore,Project Manager,Fredi Leslie,"Project Management,Scope Management,Resource Management,Vendor Management,Revenue Management"
324,HomeLane,Founded in 2014,More than 1000 employees,Ahmedabad,Interior Designer,Tasmia Azhar,"Interior Design,SketchUp"
325,ImSafeNow,Founded in 2017,0 - 10 employees,Noida,Java Developer With Kafka,Girija Perumal,"Java,Kafka"
326,LILA Games,Founded in 2020,0 - 10 employees,Bangalore,Director of Engineering,Ankit Sinha,"Unity,Game Development,Engineering Management,C#"
327,PhonePe,Founded in 2015,More than 1000 employees,Bangalore,Frontend Engineer,Roshan Muniraj,"JavaScript,React.js,Angular,CSS,HTML"
328,PhysicsWallah,Founded in 2014,More than 1000 employees,Noida,SDE - 2 Android,Khushi Tomar,"Java,Kotlin,Android"
329,Vymo,Founded in 2013,50 - 200 employees,Bangalore,Technical Project Manager,Sreya Mazumdar,"Agile,PMO,PMP,Project Management,Scrum,IT Project Management"
330,CreditVidya,Founded in 2013,50 - 200 employees,Hyderabad,Software Testing Engineer (Automation Web + API),Priya Desai,"API Testing,Automation Testing,Java,REST Assured,SDET,Selenium"
331,CreditVidya,Founded in 2013,50 - 200 employees,Hyderabad,Software Testing Engineer - Performance Testing,Priya Desai,"Performance Testing,Automation Testing,Java,REST Assured,SDET,Selenium"
332,Mool,Founded in 2020,10 - 50 employees,Gurgaon,Node.js Developer,Srija Mukherjee,"Node.js,MySQL,JavaScript"
333,Prophecy,Founded in 2017,10 - 50 employees,Bangalore,Data Engineer,Anjali Nair,"Spark,Scala,Python,Big Data"
334,Prophecy,Founded in 2017,10 - 50 employees,Bangalore,Product Manager,Anjali Nair,"Spark,Product Management,Python"
335,Splore,Founded in 2023,10 - 50 employees,Bangalore,Engineering Manager,Krishanu B,AWS
336,Synaptic,Founded in 2016,50 - 200 employees,Gurgaon,DevOps / Site Reliability - Staff Engineer,Rohit Gupta,"AWS,Kubernetes,DevOps,Big Data,Docker"
337,Synaptic,Founded in 2016,50 - 200 employees,Gurgaon,SDE III - Frontend,Rohit Gupta,"React.js,JavaScript,React Native,CI - CD,Highcharts"
338,Synaptic,Founded in 2016,50 - 200 employees,Gurgaon,Site Reliability Engineer - SDE III,Rohit Gupta,"AWS,Kubernetes,CI - CD,Big Data,Docker"
339,Synaptic,Founded in 2016,50 - 200 employees,Gurgaon,Staff Engineer - Frontend,Rohit Gupta,"React.js,JavaScript,React Native,CI - CD,Unit Testing"
